Заголовой;Ссылка;Цена
Обзор электроотвертки Hoto QWLSD001;https://mysku.club/blog/aliexpress/91567.html;Цена: 2800р
SSD накопитель AMD Radeon R5M120G8 120ГБ, M.2 2280, SATA III;https://mysku.club/blog/russia-stores/91563.html;Цена: 1 170 ₽
38.94$ Автоматическая кормушка для кота или собаки 3,5л;https://mysku.club/blog/discounts/91564.html;NO PRICE
дополнительный 1tb ssd для Microsoft Xbox series s/x;https://mysku.club/blog/aliexpress/91566.html;Цена: ~11000 рублей
Набор чернил Pilot Iroshizuku (3 банки по 15 мл: asa-gao, shin-kai, yama-budo);https://mysku.club/blog/usa-stores/91549.html;Цена: $24
Огромный коврик для мышки Zuoya 90Х40 см за 519 руб (8,14$);https://mysku.club/blog/discounts/91560.html;NO PRICE
Скидка на смартфон - кирпич Oukitel WP19, с батареей на 21000мАч, и при этом с жирным железом на борту (прайс 299$);https://mysku.club/blog/discounts/91562.html;NO PRICE
Мягкая войлочная ткань, заказанная для ремонта дивана, пострадавшего от кошачьих лап;https://mysku.club/blog/aliexpress/91561.html;Цена: 1.4$
Портативный ручной пылесос MIDEA 20S;https://mysku.club/blog/aliexpress/91556.html;Цена: 54,95$
PowerBank MoveSpeed YSPBE10-10K на 10000mah;https://mysku.club/blog/aliexpress/91554.html;Цена: $4.96 (с учетом купона)
Наключник NITECORE TIP SE за 20,99 $ или 1176,81 руб.;https://mysku.club/blog/discounts/91558.html;NO PRICE
Интересный кованый топорик для кухни: рукоять венге, фултанг, пины латунь, заточка - бритва;https://mysku.club/blog/aliexpress/91552.html;Цена: $16
Адаптер GX53->E27;https://mysku.club/blog/diy/91551.html;NO PRICE
Радиоуправляемый экскаватор XUEZHISHAN 1:20 - $20.23;https://mysku.club/blog/discounts/91543.html;NO PRICE
Снижение цены на полезный инструмент (4 лота);https://mysku.club/blog/discounts/91546.html;NO PRICE
Поилка с фонтанчиком для домашних животных за 22.2$;https://mysku.club/blog/discounts/91544.html;NO PRICE
Bakeey ATL-2 держатель для телефона в автомобиль;https://mysku.club/blog/china-stores/91537.html;Цена: 6,99$
Самодельные палаточные оттяжки из дайнимы;https://mysku.club/blog/aliexpress/91547.html;Цена: 1300р
Пару купонов на товары Orico (алюминиевый USB хаб и кейс для M2 SSD);https://mysku.club/blog/discounts/91545.html;NO PRICE
Перезаряжаемые аккумуляторы AJNWNM формата АА  (4 шт. из РФ);https://mysku.club/blog/aliexpress/91542.html;Цена: US $16.71
Держатель телефона на решетку воздуховода. Дорого-богато, качественно;https://mysku.club/blog/china-stores/91414.html;Цена: $14.99 (но есть купон)
Экшн-камера Digma DiCam 870;https://mysku.club/blog/russia-stores/91505.html;Цена: 4390 руб.
Бюджетный SATA SSD Digma Run S9  512ГБ;https://mysku.club/blog/russia-stores/91539.html;Цена: 3690 ₽
Светодиодная гирлянда 4.8 метра уличный вариант за 331 руб;https://mysku.club/blog/discounts/91538.html;NO PRICE
И снова Wi-Fi адаптер UGREEN AC650. «Глоток свежего воздуха» для старенького нетбука;https://mysku.club/blog/aliexpress/91535.html;Цена: $6.45
Качок К90. Компрессор который почти смог!;https://mysku.club/blog/russia-stores/91533.html;Цена: 2915 руб.
30.14$ Фонарик Sofirn IF25A BLF Anduril 4*SST20 3800Лм, акк 4000 мАч;https://mysku.club/blog/discounts/91519.html;NO PRICE
Мультиметр MUSTOOL MT108T. Вполне народный.;https://mysku.club/blog/china-stores/91532.html;Цена: 9.99$ (с купоном)
Универсальная щетка для пылесосов Electrolux, Philips, Rowenta, и т.д.;https://mysku.club/blog/aliexpress/91530.html;Цена: 7.52 $
Недообзор диагностического сканера OBDLink MX+;https://mysku.club/blog/aliexpress/91529.html;Цена: 10091,42 руб.
Тестер внутреннего сопротивления химических источников тока YR1030 за 32.84$;https://mysku.club/blog/discounts/91526.html;NO PRICE
Распродажа смарт-телевизоров TCL на Aliexpress;https://mysku.club/blog/discounts/91524.html;NO PRICE
Кольцевая настольная RGB лампа за $18.89-$24.6;https://mysku.club/blog/discounts/91521.html;NO PRICE
USB Silicon Power Marvel M01 128ГБ;https://mysku.club/blog/russia-stores/91523.html;Цена: 890 ₽
Кабели KUULAA USB C для iPhone PD 30W ($1.99);https://mysku.club/blog/discounts/91520.html;NO PRICE
Держатель для шланга;https://mysku.club/blog/aliexpress/91500.html;Цена: 1.18$
Наэкранная лампа Yeelight за 2195,59 рублей;https://mysku.club/blog/discounts/91518.html;NO PRICE
Сандалии мужские Outventure Lakeland 3 - лучше бы мимо прошел;https://mysku.club/blog/russia-stores/91517.html;Цена: 3639РУб
3188руб. Диагностический Bluetooth-сканер для автомобилей MUCAR BT200, полная система, SAS Obd 2, 15 сбросов;https://mysku.club/blog/discounts/91516.html;NO PRICE
Лампа для уничтожения насекомых (1531р);https://mysku.club/blog/discounts/91515.html;NO PRICE
пластик для печати PETG Carbon Fiber;https://mysku.club/blog/aliexpress/91513.html;Цена: от 1100₽
Обзор TWS Bluetooth-гарнитуры QCY HT03 с ANC;https://mysku.club/blog/aliexpress/91509.html;Цена: $36.22
"""Апгрейд"" блока питания Торэл";https://mysku.club/blog/diy/91514.html;NO PRICE
Аккумуляторная угловая шлифовальная машина от $24.22;https://mysku.club/blog/discounts/91512.html;NO PRICE
Разветвитель прикуривателя х3 с 2 USB портами за 7.9$;https://mysku.club/blog/discounts/91499.html;NO PRICE
Дешёвая Bluetooth-стереоколонка Tronsmart Trip;https://mysku.club/blog/aliexpress/91506.html;Цена: от 19.79$
Скидка 345р на Powerbank 10000/20000mah и з/у QC 3,0 (20W);https://mysku.club/blog/discounts/91507.html;NO PRICE
Снижение цены на тестер внутреннего сопротивления батарей YR1030. Доставка из РФ (US $32.84);https://mysku.club/blog/discounts/91502.html;NO PRICE
Водонепроницаемая, плотная клейкая лента от JOYBOS (цена 230р);https://mysku.club/blog/discounts/91501.html;NO PRICE
Беспроводная мышь MU001 от компании UGREEN;https://mysku.club/blog/aliexpress/91461.html;Цена: 683,40 руб с купоном
